<?xml version="1.0" encoding="UTF-8"?>

<DataPush jobName="ODS_DATACOLLECT_LOG_HM" enabled="true" jobType="file" isOnlyTrans="false" ifOnlyTransISRename="false">
    <File>
        <!--
                         fileFetchMode：Currently, only mode 3 is supported
            1 - file name,merged if match multiple files，
            2 - file name + content ,Supports filtering by recording, converting, extracting part of the field, increase the default field
            3 - Multi-thread read/write split file
            -->
        <FileFetchMode>1</FileFetchMode>
        <!-- Data source identification-->
        <!-- <FileSource id="${item['fileSourceID']}">
                      To ensure that users of the current file directory with read permission
           <Directory>${item['directory']}</Directory>
        </FileSource>
        -->
        <FileSource id="FileSource1">
            <!-- 源文件的路径,必须要有可读权限 -->
            <Directory>/opt/hihonor/data1/hmshioperqrtlogs/</Directory>
        </FileSource>
        <!--
                     sourceFilePolicy：After the data extraction, the source file handling policy，
        1：delete，
        2：Backup，
        3：Does not deal
        -->
        <FileSourcePolicy>3</FileSourcePolicy>
        <!--
                     File names match pattern can contain wildcard characters * ?
        Built three time variable, push the tool will replace the actual value
        ${day}      ：cycle day format yyyyMMdd
        ${day_ep}   ：Day period represents the format yyyy-MM-dd
        ${hour}     ：Hour period such as 08
           -->
        <FileMask>v1_hmshioperqrtserver24_13_${day_ep}_${hour}.0.log</FileMask>
        <FileCountThreshold>0</FileCountThreshold>
        <FileSizeThreshold>0</FileSizeThreshold>
        <FieldSeparator>|</FieldSeparator>
        <!--FileRetryTimes：File number or size does not match the number of retries-->
        <FileRetryTimes>3</FileRetryTimes>
        <!--FileWaitTime：It does not match the size or number of documents, the wait time in minutes-->
        <FileWaitTime>1</FileWaitTime>
    </File>

    <!--
             Target filename patterns, users can configure their own style
    ${node}         : Node name,Get from  Envconf.xml
    ${jobName}      : task name
    ${periodTime}   ：Cycle logo, format yyyyMMddhh, obtain scheduling system
    ${project_number} ：Time zone parameters
    ${timezone}        ：Time zone parameters
    ${timeName}      :estination File Timestamp Configuration
    ${num}           :Sequence number, which starts from 1. This parameter is used when the source file is transferred directly and the file needs to be renamed.
    -->
    <DestFileName>${node}_ODS_DATACOLLECT_LOG_HM_LOG_${periodTime}.log</DestFileName>
    <FileNumCheckMode>COUNT</FileNumCheckMode>
    <PeriodType>H</PeriodType>
    <SendThreadCount>3</SendThreadCount>
    <CompressThreadCount>3</CompressThreadCount>
    <LimitBand>0</LimitBand>
    <EnabledAlarm>true</EnabledAlarm>
    <AlarmLevel>major</AlarmLevel>
    <AlarmScope>bi2x</AlarmScope>

    <!-- Transfer service marks,  Get from Envconf.xml-->
    <TransportService id="8ac94a9d76184919017704edbff87121">
        <Mode>scp</Mode>
        <!-- Remote host,Support for configuring multiple, separated by commas -->
        <Host>172.16.0.64,172.16.0.245,172.16.0.15,172.16.0.94</Host>
        <Port>30022</Port>
        <Username>mfs</Username>
        <!-- Ways of identifying 1-password   2-Public Key -->
        <AuthType>1</AuthType>
	<Password>security:18D3429A7C38B93CA5ADCD72:8A11F5256713BF3026CF226D91961DA24AE7515E8403392C5C9721</Password>
        <!-- Whether to enable periodic directory -->
        <IsOpenPeriodDir>true</IsOpenPeriodDir>
        <!-- We must ensure that the remote directory exists and has read and write permissions -->
        <Directory>/MFS/DataIn/DataCollect/ODS_DATACOLLECT_LOG_HM</Directory>
        <!-- We must ensure that the remote temporary directory exists and has read and write permissions -->
        <!--Permission on the target file, for example, 644.-->
        <DestFilePermission></DestFilePermission>
    </TransportService>
    <!-- Transmission configuration identification, Get from application configuration files-->
    <TransportConf id="8ac94a9d76184919017704edbff87121">
        <!-- only compress by lzo，on the target server does not decompress, do not merge files。-->
        <IsOnlyLzoCompress>false</IsOnlyLzoCompress>
        <!-- Split large files size in M. 0 means not separated -->
        <SplitSize>0</SplitSize>
        <FileCount>1</FileCount>
        <!-- File sending failed retries -->
        <ReSendTimes>3</ReSendTimes>
        <!-- Failed to send the file, waiting time, in minutes -->
        <WaitTime>1</WaitTime>
        <!--
                     After sending successfully, the target file handling policy
        1：delete
        2：Backup, backup directory: xxx/backup
        -->
        <SourceFilePolicy>2</SourceFilePolicy>
        <RemoteTimeOut>0</RemoteTimeOut>
        <IsCombinByNoCompress>false</IsCombinByNoCompress>
        <DeptCode>BI2X</DeptCode>
      <OdsTableName>ODS_DATACOLLECT_LOG_HM</OdsTableName>
    </TransportConf>
</DataPush>

