<?xml version="1.0" encoding="UTF-8"?>
<configuration scan="true" scanPeriod="10 seconds">
    <property name="APP" value="Datapush_1.0.20.300_sp5"/>
    <property name="LOG_PATH" value="logs"/>
    <property name="PATTERN"
              value="%d{MM-dd HH:mm:ss} [%-5level][%-6pid][%thread][%logger{0}:%line] - %msg%n"/>
    <contextName>${APP}</contextName>
    <conversionRule conversionWord="pid" converterClass="com.hihonor.cloudservice.datapush.common.PidUtil"/>

    <appender name="CONSOLE" class="ch.qos.logback.core.ConsoleAppender">
        <encoder class="ch.qos.logback.classic.encoder.PatternLayoutEncoder">
            <pattern>${PATTERN}</pattern>
            <charset>UTF-8</charset>
        </encoder>
    </appender>

    <appender name="ALL_FILE" class="ch.qos.logback.core.rolling.RollingFileAppender">
        <file>${LOG_PATH}/${APP}.log</file>
        <rollingPolicy class="ch.qos.logback.core.rolling.FixedWindowRollingPolicy">
            <fileNamePattern>${LOG_PATH}/${APP}_tar_%i.log</fileNamePattern>
            <minIndex>1</minIndex>
            <maxIndex>10</maxIndex>
        </rollingPolicy>
        <triggeringPolicy class="ch.qos.logback.core.rolling.SizeBasedTriggeringPolicy">
            <maxFileSize>30MB</maxFileSize>
        </triggeringPolicy>
        <encoder class="ch.qos.logback.classic.encoder.PatternLayoutEncoder">
            <pattern>${PATTERN}</pattern>
            <charset>UTF-8</charset>
        </encoder>
    </appender>

    <appender name="ASYNC" class="ch.qos.logback.classic.AsyncAppender">
        <discardingThreshold>1000</discardingThreshold>
        <queueSize>10000</queueSize>
        <neverBlock>true</neverBlock>
        <appender-ref ref="ALL_FILE"/>
    </appender>

    <logger name="com.alibaba.druid.pool.DruidDataSource" level="off"/>

    <root level="info">
        <appender-ref ref="CONSOLE"/>
        <appender-ref ref="ASYNC"/>
    </root>
</configuration>