<?xml version="1.0" encoding="UTF-8"?>
<assembly xmlns="http://maven.apache.org/plugins/maven-assembly-plugin/assembly/1.1.2"
          xmlns:xsi="http://www.w3.org/2001/XMLSchema-instance"
          xsi:schemaLocation="http://maven.apache.org/plugins/maven-assembly-plugin/assembly/1.1.2 http://maven.apache.org/xsd/assembly-1.1.2.xsd">

    <id>app</id>
    <!-- 压缩包下是否生成和项目名相同的根目录 -->
    <includeBaseDirectory>false</includeBaseDirectory>
    <formats>
        <format>zip</format>
    </formats>

    <dependencySets>
        <dependencySet>
            <outputDirectory>datacollector/libs</outputDirectory>
            <scope>runtime</scope>
            <useTransitiveFiltering>true</useTransitiveFiltering>
            <fileMode>0400</fileMode>
            <directoryMode>0700</directoryMode>
        </dependencySet>
    </dependencySets>

    <fileSets>
        <!-- 把项目的配置文件，打包进zip文件的config目录 -->
        <fileSet>
            <directory>src/main/resources</directory>
            <outputDirectory>datacollector/config</outputDirectory>
            <fileMode>0600</fileMode>
            <directoryMode>0700</directoryMode>
            <lineEnding>unix</lineEnding>
            <includes>
                <include>*.xml</include>
                <include>*.properties</include>
            </includes>
        </fileSet>

        <fileSet>
            <directory>deploy</directory>
            <outputDirectory>./</outputDirectory>
            <includes>
                <include>package.json</include>
            </includes>
            <fileMode>0600</fileMode>
            <filtered>true</filtered>
        </fileSet>

        <fileSet>
            <directory>deploy/configtemplate</directory>
            <outputDirectory>datacollector/configtemplate</outputDirectory>
            <fileMode>0600</fileMode>
            <directoryMode>0700</directoryMode>
            <lineEnding>unix</lineEnding>
        </fileSet>
        <fileSet>
            <directory>deploy/bin</directory>
            <outputDirectory>datacollector/bin</outputDirectory>
            <includes>
                <include>*.sh</include>
            </includes>
            <fileMode>0500</fileMode>
            <lineEnding>unix</lineEnding>
            <directoryMode>0700</directoryMode>
        </fileSet>

        <fileSet>
            <directory>deploy/tomcat</directory>
            <outputDirectory>datacollector/tomcat</outputDirectory>
            <fileMode>0600</fileMode>
            <directoryMode>0700</directoryMode>
        </fileSet>

        <fileSet>
            <directory>deploy/watchdog</directory>
            <outputDirectory>datacollector/watchdog</outputDirectory>
            <fileMode>0600</fileMode>
            <directoryMode>0700</directoryMode>
        </fileSet>

        <!-- 把项目自己编译出来的jar文件，打包进zip文件的libs根目录 -->
        <fileSet>
            <directory>${project.build.directory}</directory>
            <outputDirectory>datacollector/libs</outputDirectory>
            <includes>
                <include>*.jar</include>
            </includes>
        </fileSet>

    </fileSets>
</assembly>