<?xml version="1.0" encoding="UTF-8"?>
<configuration scan="true" scanPeriod="1 minutes" debug="false">
    <property scope="context" name="logfolder" value="/opt/hihonor/data1"/>
    <property scope="context" name="logmaxHistory_H" value="72"/>
    <property scope="context" name="logmaxHistory_m" value="4320"/>
    <property scope="context" name="appName" value="datacollector"/>

    <property scope="context" name="alarm_home" value="/opt/hihonor"/>
    <property scope="context" name="log_size" value="100MB"/>
    <property scope="context" name="failed_log_size" value="1024MB"/>
    <property name="sys_log_parttern" value="%d{yyyy-MM-dd HH:mm:ss.SSS} [%thread] [%-3level] [%logger{36}] : %msg%n"/>
    <property name="std_log_parttern"
              value="%yellow(%d{yyyy-MM-dd HH:mm:ss.SSS}) [%thread] %highlight(%-5level) %green(%logger{50}) - %highlight(%msg) %n"/>
    <property name="LOG_PATTERN" value="%d{yyyy-MM-dd HH:mm:ss.SSS} [%thread] %-10level %logger{36} - %msg%n"/>

    <!-- Begin: alarm告警日志文件 路径默认在/opt/hihonor/alarm下面 以小时为单位-->
    <appender name="DATACOLLECTOR_ALARM" class="ch.qos.logback.core.rolling.RollingFileAppender">
        <file>${alarm_home}/alarm/datacollect.alarm.dat</file>
        <rollingPolicy class="ch.qos.logback.core.rolling.TimeBasedRollingPolicy">
            <fileNamePattern>${alarm_home}/alarm/datacollect.alarm_%d{yyyy-MM-dd-HH}.%i.dat</fileNamePattern>
            <maxHistory>${logmaxHistory_H}</maxHistory>
            <timeBasedFileNamingAndTriggeringPolicy class="ch.qos.logback.core.rolling.SizeAndTimeBasedFNATP">
                <maxFileSize>${log_size}</maxFileSize>
            </timeBasedFileNamingAndTriggeringPolicy>
        </rollingPolicy>
        <encoder>
            <pattern>%msg%n</pattern>
        </encoder>
    </appender>

    <appender name="DATACOLLECTOR_ASYNC_ALARM" class="ch.qos.logback.classic.AsyncAppender">
        <!-- 不丢失日志.默认的,如果队列的80%已满,则会丢弃TRACT、DEBUG、INFO级别的日志 -->
        <discardingThreshold>0</discardingThreshold>
        <!-- 更改默认的队列的深度,该值会影响性能.默认值为256 -->
        <queueSize>512</queueSize>
        <!-- 添加附加的appender,最多只能添加一个 -->
        <appender-ref ref="DATACOLLECTOR_ALARM"/>
    </appender>
    <!-- End:告警日志文件 -->


    <!-- Begin: send kafka failed 持久化日志文件 路径默认在/opt/hihonor/kafka下面 以小时为单位-->
    <appender name="kafka_send_failed" class="ch.qos.logback.core.rolling.RollingFileAppender">
        <file>${logfolder}/kafka/send_failed.log</file>
        <rollingPolicy class="ch.qos.logback.core.rolling.TimeBasedRollingPolicy">
            <fileNamePattern>${logfolder}/kafka/send_failed_%d{yyyy-MM-dd_HH}.log
            </fileNamePattern>
            <maxHistory>${logmaxHistory_H}</maxHistory>
<!--            <timeBasedFileNamingAndTriggeringPolicy class="ch.qos.logback.core.rolling.SizeAndTimeBasedFNATP">-->
<!--                <maxFileSize>${failed_log_size}</maxFileSize>-->
<!--            </timeBasedFileNamingAndTriggeringPolicy>-->
        </rollingPolicy>
        <encoder>
            <pattern>%msg%n</pattern>
        </encoder>
    </appender>

    <appender name="kafka-send-failed-ASYNC" class="ch.qos.logback.classic.AsyncAppender">
        <!-- 不丢失日志.默认的,如果队列的80%已满,则会丢弃TRACT、DEBUG、INFO级别的日志 -->
        <discardingThreshold>0</discardingThreshold>
        <!-- 更改默认的队列的深度,该值会影响性能.默认值为256 -->
        <queueSize>512</queueSize>
        <!-- 添加附加的appender,最多只能添加一个 -->
        <appender-ref ref="kafka_send_failed"/>
    </appender>

    <!--    add by w00027882  for kafka callback failed log-->
    <logger name="kafka_send_failed" level="info" additivity="false">
        <appender-ref ref="kafka-send-failed-ASYNC"/>
    </logger>
    <!-- End:kafka发送失败持久化日志文件 -->


    <appender name="SDKV2" class="ch.qos.logback.core.rolling.RollingFileAppender">
        <file>${logfolder}/sdkv2logs/v2_sdkserver24_13.log</file>
        <rollingPolicy class="ch.qos.logback.core.rolling.TimeBasedRollingPolicy">
            <fileNamePattern>${logfolder}/sdkv2logs/v2_sdkserver24_13_%d{yyyyMMdd_HH}.%i.log</fileNamePattern>
            <maxHistory>${logmaxHistory_H}</maxHistory>
            <timeBasedFileNamingAndTriggeringPolicy class="ch.qos.logback.core.rolling.SizeAndTimeBasedFNATP">
                <maxFileSize>${log_size}</maxFileSize>
            </timeBasedFileNamingAndTriggeringPolicy>
        </rollingPolicy>
        <encoder>
            <pattern>%msg%n</pattern>
        </encoder>
    </appender>
    <!-- 异步输出 -->
    <appender name="SDKV2-ASYNC" class="ch.qos.logback.classic.AsyncAppender">
        <!-- 不丢失日志.默认的,如果队列的80%已满,则会丢弃TRACT、DEBUG、INFO级别的日志 -->
        <discardingThreshold>0</discardingThreshold>
        <!-- 更改默认的队列的深度,该值会影响性能.默认值为256 -->
        <queueSize>512</queueSize>
        <!-- 添加附加的appender,最多只能添加一个 -->
        <appender-ref ref="SDKV2"/>
    </appender>

    <appender name="SDKV3" class="ch.qos.logback.core.rolling.RollingFileAppender">
        <file>${logfolder}/sdkv3logs/v3_sdkserver24_13.log</file>
        <rollingPolicy class="ch.qos.logback.core.rolling.TimeBasedRollingPolicy">
            <fileNamePattern>${logfolder}/sdkv3logs/v3_sdkserver24_13_%d{yyyyMMdd_HH}.%i.log</fileNamePattern>
            <maxHistory>${logmaxHistory_H}</maxHistory>
            <timeBasedFileNamingAndTriggeringPolicy class="ch.qos.logback.core.rolling.SizeAndTimeBasedFNATP">
                <maxFileSize>${log_size}</maxFileSize>
            </timeBasedFileNamingAndTriggeringPolicy>
        </rollingPolicy>
        <encoder>
            <pattern>%msg%n</pattern>
        </encoder>
    </appender>
    <!-- 异步输出 -->
    <appender name="SDKV3-ASYNC" class="ch.qos.logback.classic.AsyncAppender">
        <!-- 不丢失日志.默认的,如果队列的80%已满,则会丢弃TRACT、DEBUG、INFO级别的日志 -->
        <discardingThreshold>0</discardingThreshold>
        <!-- 更改默认的队列的深度,该值会影响性能.默认值为256 -->
        <queueSize>512</queueSize>
        <!-- 添加附加的appender,最多只能添加一个 -->
        <appender-ref ref="SDKV3"/>
    </appender>

    <appender name="MAGICV2" class="ch.qos.logback.core.rolling.RollingFileAppender">
        <file>${logfolder}/magicv2logs/v2_magicserver24_13.log</file>
        <rollingPolicy class="ch.qos.logback.core.rolling.TimeBasedRollingPolicy">
            <fileNamePattern>${logfolder}/magicv2logs/v2_magicserver24_13_%d{yyyy-MM-dd_HH}.%i.log</fileNamePattern>
            <maxHistory>${logmaxHistory_H}</maxHistory>
            <timeBasedFileNamingAndTriggeringPolicy class="ch.qos.logback.core.rolling.SizeAndTimeBasedFNATP">
                <maxFileSize>${log_size}</maxFileSize>
            </timeBasedFileNamingAndTriggeringPolicy>
        </rollingPolicy>
        <encoder>
            <pattern>%msg%n</pattern>
        </encoder>
    </appender>
    <!-- 异步输出 -->
    <appender name="MAGICV2-ASYNC" class="ch.qos.logback.classic.AsyncAppender">
        <!-- 不丢失日志.默认的,如果队列的80%已满,则会丢弃TRACT、DEBUG、INFO级别的日志 -->
        <discardingThreshold>0</discardingThreshold>
        <!-- 更改默认的队列的深度,该值会影响性能.默认值为256 -->
        <queueSize>512</queueSize>
        <!-- 添加附加的appender,最多只能添加一个 -->
        <appender-ref ref="MAGICV2"/>
    </appender>


    <appender name="SDKV1" class="ch.qos.logback.core.rolling.RollingFileAppender">
        <file>${logfolder}/sdkv1logs/v1_sdkserver24_13.log</file>
        <rollingPolicy class="ch.qos.logback.core.rolling.TimeBasedRollingPolicy">
            <fileNamePattern>${logfolder}/sdkv1logs/v1_sdkserver24_13_%d{yyyyMMdd_HH}.%i.log</fileNamePattern>
            <maxHistory>${logmaxHistory_H}</maxHistory>
            <timeBasedFileNamingAndTriggeringPolicy class="ch.qos.logback.core.rolling.SizeAndTimeBasedFNATP">
                <maxFileSize>${log_size}</maxFileSize>
            </timeBasedFileNamingAndTriggeringPolicy>
        </rollingPolicy>
        <encoder>
            <pattern>%msg%n</pattern>
        </encoder>
    </appender>
    <!-- 异步输出 -->
    <appender name="SDKV1-ASYNC" class="ch.qos.logback.classic.AsyncAppender">
        <!-- 不丢失日志.默认的,如果队列的80%已满,则会丢弃TRACT、DEBUG、INFO级别的日志 -->
        <discardingThreshold>0</discardingThreshold>
        <!-- 更改默认的队列的深度,该值会影响性能.默认值为256 -->
        <queueSize>512</queueSize>
        <!-- 添加附加的appender,最多只能添加一个 -->
        <appender-ref ref="SDKV1"/>
    </appender>

    <appender name="WEBV1" class="ch.qos.logback.core.rolling.RollingFileAppender">
        <file>${logfolder}/webv1logs/v1_webserver24_13.log</file>
        <rollingPolicy class="ch.qos.logback.core.rolling.TimeBasedRollingPolicy">
            <fileNamePattern>${logfolder}/webv1logs/v1_webserver24_13_%d{yyyy-MM-dd_HH-mm}.%i.log</fileNamePattern>
            <maxHistory>${logmaxHistory_m}</maxHistory>
            <timeBasedFileNamingAndTriggeringPolicy class="ch.qos.logback.core.rolling.SizeAndTimeBasedFNATP">
                <maxFileSize>${log_size}</maxFileSize>
            </timeBasedFileNamingAndTriggeringPolicy>
        </rollingPolicy>
        <encoder>
            <pattern>%msg%n</pattern>
        </encoder>
    </appender>
    <!-- 异步输出 -->
    <appender name="WEBV1-ASYNC" class="ch.qos.logback.classic.AsyncAppender">
        <!-- 不丢失日志.默认的,如果队列的80%已满,则会丢弃TRACT、DEBUG、INFO级别的日志 -->
        <discardingThreshold>0</discardingThreshold>
        <!-- 更改默认的队列的深度,该值会影响性能.默认值为256 -->
        <queueSize>512</queueSize>
        <!-- 添加附加的appender,最多只能添加一个 -->
        <appender-ref ref="WEBV1"/>
    </appender>

    <appender name="WEBV2" class="ch.qos.logback.core.rolling.RollingFileAppender">
        <file>${logfolder}/webv2logs/v1_webserver24_13.log</file>
        <rollingPolicy class="ch.qos.logback.core.rolling.TimeBasedRollingPolicy">
            <fileNamePattern>${logfolder}/webv2logs/v1_webserver24_13_%d{yyyy-MM-dd_HH-mm}.%i.log</fileNamePattern>
            <maxHistory>${logmaxHistory_m}</maxHistory>
            <timeBasedFileNamingAndTriggeringPolicy class="ch.qos.logback.core.rolling.SizeAndTimeBasedFNATP">
                <maxFileSize>${log_size}</maxFileSize>
            </timeBasedFileNamingAndTriggeringPolicy>
        </rollingPolicy>
        <encoder>
            <pattern>%msg%n</pattern>
        </encoder>
    </appender>
    <!-- 异步输出 -->
    <appender name="WEBV2-ASYNC" class="ch.qos.logback.classic.AsyncAppender">
        <!-- 不丢失日志.默认的,如果队列的80%已满,则会丢弃TRACT、DEBUG、INFO级别的日志 -->
        <discardingThreshold>0</discardingThreshold>
        <!-- 更改默认的队列的深度,该值会影响性能.默认值为256 -->
        <queueSize>512</queueSize>
        <!-- 添加附加的appender,最多只能添加一个 -->
        <appender-ref ref="WEBV2"/>
    </appender>

    <appender name="MAGICV1" class="ch.qos.logback.core.rolling.RollingFileAppender">
        <file>${logfolder}/magicv1logs/v1_magicserver24_13.log</file>
        <rollingPolicy class="ch.qos.logback.core.rolling.TimeBasedRollingPolicy">
            <fileNamePattern>${logfolder}/magicv1logs/v1_magicserver24_13_%d{yyyy-MM-dd_HH}.%i.log</fileNamePattern>
            <maxHistory>${logmaxHistory_H}</maxHistory>
            <timeBasedFileNamingAndTriggeringPolicy class="ch.qos.logback.core.rolling.SizeAndTimeBasedFNATP">
                <maxFileSize>${log_size}</maxFileSize>
            </timeBasedFileNamingAndTriggeringPolicy>
        </rollingPolicy>
        <encoder>
            <pattern>%msg%n</pattern>
        </encoder>
    </appender>
    <appender name="DATAIMPORTV1" class="ch.qos.logback.core.rolling.RollingFileAppender">
        <file>${logfolder}/dataimportv1logs/user_properties.log</file>
        <rollingPolicy class="ch.qos.logback.core.rolling.TimeBasedRollingPolicy">
            <fileNamePattern>${logfolder}/dataimportv1logs/user_properties_%d{yyyy-MM-dd_HH}.%i.log</fileNamePattern>
            <maxHistory>5</maxHistory>
            <timeBasedFileNamingAndTriggeringPolicy class="ch.qos.logback.core.rolling.SizeAndTimeBasedFNATP">
                <maxFileSize>${log_size}</maxFileSize>
            </timeBasedFileNamingAndTriggeringPolicy>
        </rollingPolicy>
        <encoder>
            <pattern>%msg%n</pattern>
        </encoder>
    </appender>
    <!-- 异步输出 -->
    <appender name="MAGICV1-ASYNC" class="ch.qos.logback.classic.AsyncAppender">
        <!-- 不丢失日志.默认的,如果队列的80%已满,则会丢弃TRACT、DEBUG、INFO级别的日志 -->
        <discardingThreshold>0</discardingThreshold>
        <!-- 更改默认的队列的深度,该值会影响性能.默认值为256 -->
        <queueSize>512</queueSize>
        <!-- 添加附加的appender,最多只能添加一个 -->
        <appender-ref ref="MAGICV1"/>
    </appender>

    <!-- 异步输出 -->
    <appender name="DATAIMPORTV1-ASYNC" class="ch.qos.logback.classic.AsyncAppender">
        <!-- 不丢失日志.默认的,如果队列的80%已满,则会丢弃TRACT、DEBUG、INFO级别的日志 -->
        <discardingThreshold>0</discardingThreshold>
        <!-- 更改默认的队列的深度,该值会影响性能.默认值为256 -->
        <queueSize>512</queueSize>
        <!-- 添加附加的appender,最多只能添加一个 -->
        <appender-ref ref="DATAIMPORTV1"/>
    </appender>

    <appender name="CLICKV1" class="ch.qos.logback.core.rolling.RollingFileAppender">
        <file>${logfolder}/clicklogs/v1_clickserver24_13.log</file>
        <rollingPolicy class="ch.qos.logback.core.rolling.TimeBasedRollingPolicy">
            <fileNamePattern>${logfolder}/clicklogs/v1_clickserver24_13_%d{yyyy-MM-dd_HH}.%i.log</fileNamePattern>
            <maxHistory>${logmaxHistory_H}</maxHistory>
            <timeBasedFileNamingAndTriggeringPolicy class="ch.qos.logback.core.rolling.SizeAndTimeBasedFNATP">
                <maxFileSize>${log_size}</maxFileSize>
            </timeBasedFileNamingAndTriggeringPolicy>
        </rollingPolicy>
        <encoder>
            <pattern>%msg%n</pattern>
        </encoder>
    </appender>
    <!-- 异步输出 -->
    <appender name="CLICKV1-ASYNC" class="ch.qos.logback.classic.AsyncAppender">
        <!-- 不丢失日志.默认的,如果队列的80%已满,则会丢弃TRACT、DEBUG、INFO级别的日志 -->
        <discardingThreshold>0</discardingThreshold>
        <!-- 更改默认的队列的深度,该值会影响性能.默认值为256 -->
        <queueSize>512</queueSize>
        <!-- 添加附加的appender,最多只能添加一个 -->
        <appender-ref ref="CLICKV1"/>
    </appender>

    <appender name="EXPOSUREV1" class="ch.qos.logback.core.rolling.RollingFileAppender">
        <file>${logfolder}/exposurelogs/v1_exposureserver24_13.log</file>
        <rollingPolicy class="ch.qos.logback.core.rolling.TimeBasedRollingPolicy">
            <fileNamePattern>${logfolder}/exposurelogs/v1_exposureserver24_13_%d{yyyy-MM-dd_HH}.%i.log</fileNamePattern>
            <maxHistory>${logmaxHistory_H}</maxHistory>
            <timeBasedFileNamingAndTriggeringPolicy class="ch.qos.logback.core.rolling.SizeAndTimeBasedFNATP">
                <maxFileSize>${log_size}</maxFileSize>
            </timeBasedFileNamingAndTriggeringPolicy>
        </rollingPolicy>
        <encoder>
            <pattern>%msg%n</pattern>
        </encoder>
    </appender>
    <!-- 异步输出 -->
    <appender name="EXPOSUREV1-ASYNC" class="ch.qos.logback.classic.AsyncAppender">
        <!-- 不丢失日志.默认的,如果队列的80%已满,则会丢弃TRACT、DEBUG、INFO级别的日志 -->
        <discardingThreshold>0</discardingThreshold>
        <!-- 更改默认的队列的深度,该值会影响性能.默认值为256 -->
        <queueSize>512</queueSize>
        <!-- 添加附加的appender,最多只能添加一个 -->
        <appender-ref ref="EXPOSUREV1"/>
    </appender>

    <appender name="hmshioperrt" class="ch.qos.logback.core.rolling.RollingFileAppender">
        <file>${logfolder}/hmshioperrtlogs/v1_hmshioperrtserver24_13.log</file>
        <rollingPolicy class="ch.qos.logback.core.rolling.TimeBasedRollingPolicy">
            <fileNamePattern>${logfolder}/hmshioperrtlogs/v1_hmshioperrtserver24_13_%d{yyyy-MM-dd_HH}.%i.log
            </fileNamePattern>
            <maxHistory>${logmaxHistory_H}</maxHistory>
            <timeBasedFileNamingAndTriggeringPolicy class="ch.qos.logback.core.rolling.SizeAndTimeBasedFNATP">
                <maxFileSize>${log_size}</maxFileSize>
            </timeBasedFileNamingAndTriggeringPolicy>
        </rollingPolicy>
        <encoder>
            <pattern>%msg%n</pattern>
        </encoder>
    </appender>
    <!-- 异步输出 -->
    <appender name="hmshioperrt-ASYNC" class="ch.qos.logback.classic.AsyncAppender">
        <!-- 不丢失日志.默认的,如果队列的80%已满,则会丢弃TRACT、DEBUG、INFO级别的日志 -->
        <discardingThreshold>0</discardingThreshold>
        <!-- 更改默认的队列的深度,该值会影响性能.默认值为256 -->
        <queueSize>512</queueSize>
        <!-- 添加附加的appender,最多只能添加一个 -->
        <appender-ref ref="hmshioperrt"/>
    </appender>

    <appender name="hmshioperqrt" class="ch.qos.logback.core.rolling.RollingFileAppender">
        <file>${logfolder}/hmshioperqrtlogs/v1_hmshioperqrtserver24_13.log</file>
        <rollingPolicy class="ch.qos.logback.core.rolling.TimeBasedRollingPolicy">
            <fileNamePattern>${logfolder}/hmshioperqrtlogs/v1_hmshioperqrtserver24_13_%d{yyyy-MM-dd_HH}.%i.log
            </fileNamePattern>
            <maxHistory>${logmaxHistory_H}</maxHistory>
            <timeBasedFileNamingAndTriggeringPolicy class="ch.qos.logback.core.rolling.SizeAndTimeBasedFNATP">
                <maxFileSize>${log_size}</maxFileSize>
            </timeBasedFileNamingAndTriggeringPolicy>
        </rollingPolicy>
        <encoder>
            <pattern>%msg%n</pattern>
        </encoder>
    </appender>
    <!-- 异步输出 -->
    <appender name="hmshioperqrt-ASYNC" class="ch.qos.logback.classic.AsyncAppender">
        <!-- 不丢失日志.默认的,如果队列的80%已满,则会丢弃TRACT、DEBUG、INFO级别的日志 -->
        <discardingThreshold>0</discardingThreshold>
        <!-- 更改默认的队列的深度,该值会影响性能.默认值为256 -->
        <queueSize>512</queueSize>
        <!-- 添加附加的appender,最多只能添加一个 -->
        <appender-ref ref="hmshioperqrt"/>
    </appender>

    <appender name="hmshioperbatch" class="ch.qos.logback.core.rolling.RollingFileAppender">
        <file>${logfolder}/hmshioperbatchlogs/v1_hmshioperbatchserver24_13.log</file>
        <rollingPolicy class="ch.qos.logback.core.rolling.TimeBasedRollingPolicy">
            <fileNamePattern>${logfolder}/hmshioperbatchlogs/v1_hmshioperbatchserver24_13_%d{yyyy-MM-dd_HH}.%i.log
            </fileNamePattern>
            <maxHistory>${logmaxHistory_H}</maxHistory>
            <timeBasedFileNamingAndTriggeringPolicy class="ch.qos.logback.core.rolling.SizeAndTimeBasedFNATP">
                <maxFileSize>${log_size}</maxFileSize>
            </timeBasedFileNamingAndTriggeringPolicy>
        </rollingPolicy>
        <encoder>
            <pattern>%msg%n</pattern>
        </encoder>
    </appender>
    <!-- 异步输出 -->
    <appender name="hmshioperbatch-ASYNC" class="ch.qos.logback.classic.AsyncAppender">
        <!-- 不丢失日志.默认的,如果队列的80%已满,则会丢弃TRACT、DEBUG、INFO级别的日志 -->
        <discardingThreshold>0</discardingThreshold>
        <!-- 更改默认的队列的深度,该值会影响性能.默认值为256 -->
        <queueSize>512</queueSize>
        <!-- 添加附加的appender,最多只能添加一个 -->
        <appender-ref ref="hmshioperbatch"/>
    </appender>

    <appender name="hmshimaintrt" class="ch.qos.logback.core.rolling.RollingFileAppender">
        <file>${logfolder}/hmshimaintrtlogs/v1_hmshimaintrtserver24_13.log</file>
        <rollingPolicy class="ch.qos.logback.core.rolling.TimeBasedRollingPolicy">
            <fileNamePattern>${logfolder}/hmshimaintrtlogs/v1_hmshimaintrtserver24_13_%d{yyyy-MM-dd_HH}.%i.log
            </fileNamePattern>
            <maxHistory>${logmaxHistory_H}</maxHistory>
            <timeBasedFileNamingAndTriggeringPolicy class="ch.qos.logback.core.rolling.SizeAndTimeBasedFNATP">
                <maxFileSize>${log_size}</maxFileSize>
            </timeBasedFileNamingAndTriggeringPolicy>
        </rollingPolicy>
        <encoder>
            <pattern>%msg%n</pattern>
        </encoder>
    </appender>
    <!-- 异步输出 -->
    <appender name="hmshimaintrt-ASYNC" class="ch.qos.logback.classic.AsyncAppender">
        <!-- 不丢失日志.默认的,如果队列的80%已满,则会丢弃TRACT、DEBUG、INFO级别的日志 -->
        <discardingThreshold>0</discardingThreshold>
        <!-- 更改默认的队列的深度,该值会影响性能.默认值为256 -->
        <queueSize>512</queueSize>
        <!-- 添加附加的appender,最多只能添加一个 -->
        <appender-ref ref="hmshimaintrt"/>
    </appender>

    <appender name="hmshimaintqrt" class="ch.qos.logback.core.rolling.RollingFileAppender">
        <file>${logfolder}/hmshimaintqrtlogs/v1_hmshimaintqrtserver24_13.log</file>
        <rollingPolicy class="ch.qos.logback.core.rolling.TimeBasedRollingPolicy">
            <fileNamePattern>${logfolder}/hmshimaintqrtlogs/v1_hmshimaintqrtserver24_13_%d{yyyy-MM-dd_HH}.%i.log
            </fileNamePattern>
            <maxHistory>${logmaxHistory_H}</maxHistory>
            <timeBasedFileNamingAndTriggeringPolicy class="ch.qos.logback.core.rolling.SizeAndTimeBasedFNATP">
                <maxFileSize>${log_size}</maxFileSize>
            </timeBasedFileNamingAndTriggeringPolicy>
        </rollingPolicy>
        <encoder>
            <pattern>%msg%n</pattern>
        </encoder>
    </appender>
    <!-- 异步输出 -->
    <appender name="hmshimaintqrt-ASYNC" class="ch.qos.logback.classic.AsyncAppender">
        <!-- 不丢失日志.默认的,如果队列的80%已满,则会丢弃TRACT、DEBUG、INFO级别的日志 -->
        <discardingThreshold>0</discardingThreshold>
        <!-- 更改默认的队列的深度,该值会影响性能.默认值为256 -->
        <queueSize>512</queueSize>
        <!-- 添加附加的appender,最多只能添加一个 -->
        <appender-ref ref="hmshimaintqrt"/>
    </appender>

    <appender name="hmshimaintbatch" class="ch.qos.logback.core.rolling.RollingFileAppender">
        <file>${logfolder}/hmshimaintbatchlogs/v1_hmshimaintbatchserver24_13.log</file>
        <rollingPolicy class="ch.qos.logback.core.rolling.TimeBasedRollingPolicy">
            <fileNamePattern>${logfolder}/hmshimaintbatchlogs/v1_hmshimaintbatchserver24_13_%d{yyyy-MM-dd_HH}.%i.log
            </fileNamePattern>
            <maxHistory>${logmaxHistory_H}</maxHistory>
            <timeBasedFileNamingAndTriggeringPolicy class="ch.qos.logback.core.rolling.SizeAndTimeBasedFNATP">
                <maxFileSize>${log_size}</maxFileSize>
            </timeBasedFileNamingAndTriggeringPolicy>
        </rollingPolicy>
        <encoder>
            <pattern>%msg%n</pattern>
        </encoder>
    </appender>
    <!-- 异步输出 -->
    <appender name="hmshimaintbatch-ASYNC" class="ch.qos.logback.classic.AsyncAppender">
        <!-- 不丢失日志.默认的,如果队列的80%已满,则会丢弃TRACT、DEBUG、INFO级别的日志 -->
        <discardingThreshold>0</discardingThreshold>
        <!-- 更改默认的队列的深度,该值会影响性能.默认值为256 -->
        <queueSize>512</queueSize>
        <!-- 添加附加的appender,最多只能添加一个 -->
        <appender-ref ref="hmshimaintbatch"/>
    </appender>

    <appender name="hioperrt" class="ch.qos.logback.core.rolling.RollingFileAppender">
        <file>${logfolder}/hioperrtlogs/v1_hioperrtserver24_13.log</file>
        <rollingPolicy class="ch.qos.logback.core.rolling.TimeBasedRollingPolicy">
            <fileNamePattern>${logfolder}/hioperrtlogs/v1_hioperrtserver24_13_%d{yyyy-MM-dd_HH}.%i.log
            </fileNamePattern>
            <maxHistory>${logmaxHistory_H}</maxHistory>
            <timeBasedFileNamingAndTriggeringPolicy class="ch.qos.logback.core.rolling.SizeAndTimeBasedFNATP">
                <maxFileSize>${log_size}</maxFileSize>
            </timeBasedFileNamingAndTriggeringPolicy>
        </rollingPolicy>
        <encoder>
            <pattern>%msg%n</pattern>
        </encoder>
    </appender>
    <!-- 异步输出 -->
    <appender name="hioperrt-ASYNC" class="ch.qos.logback.classic.AsyncAppender">
        <!-- 不丢失日志.默认的,如果队列的80%已满,则会丢弃TRACT、DEBUG、INFO级别的日志 -->
        <discardingThreshold>0</discardingThreshold>
        <!-- 更改默认的队列的深度,该值会影响性能.默认值为256 -->
        <queueSize>512</queueSize>
        <!-- 添加附加的appender,最多只能添加一个 -->
        <appender-ref ref="hioperrt"/>
    </appender>

    <appender name="hioperqrt" class="ch.qos.logback.core.rolling.RollingFileAppender">
        <file>${logfolder}/hioperqrtlogs/v1_hioperqrtserver24_13.log</file>
        <rollingPolicy class="ch.qos.logback.core.rolling.TimeBasedRollingPolicy">
            <fileNamePattern>${logfolder}/hioperqrtlogs/v1_hioperqrtserver24_13_%d{yyyy-MM-dd_HH}.%i.log
            </fileNamePattern>
            <maxHistory>${logmaxHistory_H}</maxHistory>
            <timeBasedFileNamingAndTriggeringPolicy class="ch.qos.logback.core.rolling.SizeAndTimeBasedFNATP">
                <maxFileSize>${log_size}</maxFileSize>
            </timeBasedFileNamingAndTriggeringPolicy>
        </rollingPolicy>
        <encoder>
            <pattern>%msg%n</pattern>
        </encoder>
    </appender>
    <!-- 异步输出 -->
    <appender name="hioperqrt-ASYNC" class="ch.qos.logback.classic.AsyncAppender">
        <!-- 不丢失日志.默认的,如果队列的80%已满,则会丢弃TRACT、DEBUG、INFO级别的日志 -->
        <discardingThreshold>0</discardingThreshold>
        <!-- 更改默认的队列的深度,该值会影响性能.默认值为256 -->
        <queueSize>512</queueSize>
        <!-- 添加附加的appender,最多只能添加一个 -->
        <appender-ref ref="hioperqrt"/>
    </appender>

    <!--  增加明文 hioperqrt 日志保存 add by w00027882  -->
    <appender name="hioperqrt_decrypt" class="ch.qos.logback.core.rolling.RollingFileAppender">
        <file>${logfolder}/hioperqrt_decryptlogs/v1_hioperqrt_decryptserver24_13.log</file>
        <rollingPolicy class="ch.qos.logback.core.rolling.TimeBasedRollingPolicy">
            <fileNamePattern>${logfolder}/hioperqrt_decryptlogs/v1_hioperqrt_decryptserver24_13_%d{yyyy-MM-dd_HH}.%i.log
            </fileNamePattern>
            <maxHistory>${logmaxHistory_H}</maxHistory>
            <timeBasedFileNamingAndTriggeringPolicy class="ch.qos.logback.core.rolling.SizeAndTimeBasedFNATP">
                <maxFileSize>${log_size}</maxFileSize>
            </timeBasedFileNamingAndTriggeringPolicy>
        </rollingPolicy>
        <encoder>
            <pattern>%msg%n</pattern>
        </encoder>
    </appender>
    <!-- 明文 hioperqrt 异步输出 add by w00027882 -->
    <appender name="hioperqrt-decrypt-ASYNC" class="ch.qos.logback.classic.AsyncAppender">
        <!-- 不丢失日志.默认的,如果队列的80%已满,则会丢弃TRACT、DEBUG、INFO级别的日志 -->
        <discardingThreshold>0</discardingThreshold>
        <!-- 更改默认的队列的深度,该值会影响性能.默认值为256 -->
        <queueSize>512</queueSize>
        <!-- 添加附加的appender,最多只能添加一个 -->
        <appender-ref ref="hioperqrt_decrypt"/>
    </appender>


    <appender name="hioperbatch" class="ch.qos.logback.core.rolling.RollingFileAppender">
        <file>${logfolder}/hioperbatchlogs/v1_hioperbatchserver24_13.log</file>
        <rollingPolicy class="ch.qos.logback.core.rolling.TimeBasedRollingPolicy">
            <fileNamePattern>${logfolder}/hioperbatchlogs/v1_hioperbatchserver24_13_%d{yyyy-MM-dd_HH}.%i.log
            </fileNamePattern>
            <maxHistory>${logmaxHistory_H}</maxHistory>
            <timeBasedFileNamingAndTriggeringPolicy class="ch.qos.logback.core.rolling.SizeAndTimeBasedFNATP">
                <maxFileSize>${log_size}</maxFileSize>
            </timeBasedFileNamingAndTriggeringPolicy>
        </rollingPolicy>
        <encoder>
            <pattern>%msg%n</pattern>
        </encoder>
    </appender>
    <!-- 异步输出 -->
    <appender name="hioperbatch-ASYNC" class="ch.qos.logback.classic.AsyncAppender">
        <!-- 不丢失日志.默认的,如果队列的80%已满,则会丢弃TRACT、DEBUG、INFO级别的日志 -->
        <discardingThreshold>0</discardingThreshold>
        <!-- 更改默认的队列的深度,该值会影响性能.默认值为256 -->
        <queueSize>512</queueSize>
        <!-- 添加附加的appender,最多只能添加一个 -->
        <appender-ref ref="hioperbatch"/>
    </appender>

    <appender name="himaintrt" class="ch.qos.logback.core.rolling.RollingFileAppender">
        <file>${logfolder}/himaintrtlogs/v1_himaintrtserver24_13.log</file>
        <rollingPolicy class="ch.qos.logback.core.rolling.TimeBasedRollingPolicy">
            <fileNamePattern>${logfolder}/himaintrtlogs/v1_himaintrtserver24_13_%d{yyyy-MM-dd_HH}.%i.log
            </fileNamePattern>
            <maxHistory>${logmaxHistory_H}</maxHistory>
            <timeBasedFileNamingAndTriggeringPolicy class="ch.qos.logback.core.rolling.SizeAndTimeBasedFNATP">
                <maxFileSize>${log_size}</maxFileSize>
            </timeBasedFileNamingAndTriggeringPolicy>
        </rollingPolicy>
        <encoder>
            <pattern>%msg%n</pattern>
        </encoder>
    </appender>
    <!-- 异步输出 -->
    <appender name="himaintrt-ASYNC" class="ch.qos.logback.classic.AsyncAppender">
        <!-- 不丢失日志.默认的,如果队列的80%已满,则会丢弃TRACT、DEBUG、INFO级别的日志 -->
        <discardingThreshold>0</discardingThreshold>
        <!-- 更改默认的队列的深度,该值会影响性能.默认值为256 -->
        <queueSize>512</queueSize>
        <!-- 添加附加的appender,最多只能添加一个 -->
        <appender-ref ref="himaintrt"/>
    </appender>

    <appender name="himaintqrt" class="ch.qos.logback.core.rolling.RollingFileAppender">
        <file>${logfolder}/himaintqrtlogs/v1_himaintqrtserver24_13.log</file>
        <rollingPolicy class="ch.qos.logback.core.rolling.TimeBasedRollingPolicy">
            <fileNamePattern>${logfolder}/himaintqrtlogs/v1_himaintqrtserver24_13_%d{yyyy-MM-dd_HH}.%i.log
            </fileNamePattern>
            <maxHistory>${logmaxHistory_H}</maxHistory>
            <timeBasedFileNamingAndTriggeringPolicy class="ch.qos.logback.core.rolling.SizeAndTimeBasedFNATP">
                <maxFileSize>${log_size}</maxFileSize>
            </timeBasedFileNamingAndTriggeringPolicy>
        </rollingPolicy>
        <encoder>
            <pattern>%msg%n</pattern>
        </encoder>
    </appender>
    <!-- 异步输出 -->
    <appender name="himaintqrt-ASYNC" class="ch.qos.logback.classic.AsyncAppender">
        <!-- 不丢失日志.默认的,如果队列的80%已满,则会丢弃TRACT、DEBUG、INFO级别的日志 -->
        <discardingThreshold>0</discardingThreshold>
        <!-- 更改默认的队列的深度,该值会影响性能.默认值为256 -->
        <queueSize>512</queueSize>
        <!-- 添加附加的appender,最多只能添加一个 -->
        <appender-ref ref="himaintqrt"/>
    </appender>

    <!--  增加明文 himaintqrt 日志保存 add by w00027882  -->
    <appender name="himaintqrt_decrypt" class="ch.qos.logback.core.rolling.RollingFileAppender">
        <file>${logfolder}/himaintqrt_decryptlogs/v1_himaintqrt_decryptserver24_13.log</file>
        <rollingPolicy class="ch.qos.logback.core.rolling.TimeBasedRollingPolicy">
            <fileNamePattern>
                ${logfolder}/himaintqrt_decryptlogs/v1_himaintqrt_decryptserver24_13_%d{yyyy-MM-dd_HH}.%i.log
            </fileNamePattern>
            <maxHistory>${logmaxHistory_H}</maxHistory>
            <timeBasedFileNamingAndTriggeringPolicy class="ch.qos.logback.core.rolling.SizeAndTimeBasedFNATP">
                <maxFileSize>${log_size}</maxFileSize>
            </timeBasedFileNamingAndTriggeringPolicy>
        </rollingPolicy>
        <encoder>
            <pattern>%msg%n</pattern>
        </encoder>
    </appender>
    <!-- 异步输出 -->
    <appender name="himaintqrt-decrypt-ASYNC" class="ch.qos.logback.classic.AsyncAppender">
        <!-- 不丢失日志.默认的,如果队列的80%已满,则会丢弃TRACT、DEBUG、INFO级别的日志 -->
        <discardingThreshold>0</discardingThreshold>
        <!-- 更改默认的队列的深度,该值会影响性能.默认值为256 -->
        <queueSize>512</queueSize>
        <!-- 添加附加的appender,最多只能添加一个 -->
        <appender-ref ref="himaintqrt_decrypt"/>
    </appender>

    <appender name="himaintbatch" class="ch.qos.logback.core.rolling.RollingFileAppender">
        <file>${logfolder}/himaintbatchlogs/v1_himaintbatchserver24_13.log</file>
        <rollingPolicy class="ch.qos.logback.core.rolling.TimeBasedRollingPolicy">
            <fileNamePattern>${logfolder}/himaintbatchlogs/v1_himaintbatchserver24_13_%d{yyyy-MM-dd_HH}.%i.log
            </fileNamePattern>
            <maxHistory>${logmaxHistory_H}</maxHistory>
            <timeBasedFileNamingAndTriggeringPolicy class="ch.qos.logback.core.rolling.SizeAndTimeBasedFNATP">
                <maxFileSize>${log_size}</maxFileSize>
            </timeBasedFileNamingAndTriggeringPolicy>
        </rollingPolicy>
        <encoder>
            <pattern>%msg%n</pattern>
        </encoder>
    </appender>
    <!-- 异步输出 -->
    <appender name="himaintbatch-ASYNC" class="ch.qos.logback.classic.AsyncAppender">
        <!-- 不丢失日志.默认的,如果队列的80%已满,则会丢弃TRACT、DEBUG、INFO级别的日志 -->
        <discardingThreshold>0</discardingThreshold>
        <!-- 更改默认的队列的深度,该值会影响性能.默认值为256 -->
        <queueSize>512</queueSize>
        <!-- 添加附加的appender,最多只能添加一个 -->
        <appender-ref ref="himaintbatch"/>
    </appender>

    <appender name="default" class="ch.qos.logback.core.rolling.RollingFileAppender">
        <file>${logfolder}/logs/runtime.log</file>
        <rollingPolicy class="ch.qos.logback.core.rolling.TimeBasedRollingPolicy">
            <fileNamePattern>${logfolder}/logs/runtime_%d{yyyy-MM-dd_HH}.%i.log</fileNamePattern>
            <maxHistory>30</maxHistory>
            <timeBasedFileNamingAndTriggeringPolicy class="ch.qos.logback.core.rolling.SizeAndTimeBasedFNATP">
                <maxFileSize>${log_size}</maxFileSize>
            </timeBasedFileNamingAndTriggeringPolicy>
        </rollingPolicy>
        <encoder>
            <pattern>${sys_log_parttern}</pattern>
        </encoder>
    </appender>

    <!-- 异步输出 -->
    <appender name="DEFAULT-ASYNC" class="ch.qos.logback.classic.AsyncAppender">
        <!-- 不丢失日志.默认的,如果队列的80%已满,则会丢弃TRACT、DEBUG、INFO级别的日志 -->
        <discardingThreshold>0</discardingThreshold>
        <!-- 更改默认的队列的深度,该值会影响性能.默认值为256 -->
        <queueSize>1024</queueSize>
        <!-- 添加附加的appender,最多只能添加一个 -->
        <appender-ref ref="default"/>
    </appender>


    <appender name="COMMON1" class="ch.qos.logback.core.rolling.RollingFileAppender">
        <file>${logfolder}/common1logs/v1_common1server24_13.log</file>
        <rollingPolicy class="ch.qos.logback.core.rolling.TimeBasedRollingPolicy">
            <fileNamePattern>${logfolder}/common1logs/v1_common1server24_13_%d{yyyy-MM-dd_HH}.%i.log</fileNamePattern>
            <maxHistory>${logmaxHistory_H}</maxHistory>
            <timeBasedFileNamingAndTriggeringPolicy class="ch.qos.logback.core.rolling.SizeAndTimeBasedFNATP">
                <maxFileSize>${log_size}</maxFileSize>
            </timeBasedFileNamingAndTriggeringPolicy>
        </rollingPolicy>
        <encoder>
            <pattern>%msg%n</pattern>
        </encoder>
    </appender>
    <!-- 异步输出 -->
    <appender name="COMMON1-ASYNC" class="ch.qos.logback.classic.AsyncAppender">
        <!-- 不丢失日志.默认的,如果队列的80%已满,则会丢弃TRACT、DEBUG、INFO级别的日志 -->
        <discardingThreshold>0</discardingThreshold>
        <!-- 更改默认的队列的深度,该值会影响性能.默认值为256 -->
        <queueSize>512</queueSize>
        <!-- 添加附加的appender,最多只能添加一个 -->
        <appender-ref ref="COMMON1"/>
    </appender>

    <appender name="COMMON2" class="ch.qos.logback.core.rolling.RollingFileAppender">
        <file>${logfolder}/common2logs/v1_common2server24_13.log</file>
        <rollingPolicy class="ch.qos.logback.core.rolling.TimeBasedRollingPolicy">
            <fileNamePattern>${logfolder}/common2logs/v1_common2server24_13_%d{yyyy-MM-dd_HH}.%i.log</fileNamePattern>
            <maxHistory>${logmaxHistory_H}</maxHistory>
            <timeBasedFileNamingAndTriggeringPolicy class="ch.qos.logback.core.rolling.SizeAndTimeBasedFNATP">
                <maxFileSize>${log_size}</maxFileSize>
            </timeBasedFileNamingAndTriggeringPolicy>
        </rollingPolicy>
        <encoder>
            <pattern>%msg%n</pattern>
        </encoder>
    </appender>
    <!-- 异步输出 -->
    <appender name="COMMON2-ASYNC" class="ch.qos.logback.classic.AsyncAppender">
        <!-- 不丢失日志.默认的,如果队列的80%已满,则会丢弃TRACT、DEBUG、INFO级别的日志 -->
        <discardingThreshold>0</discardingThreshold>
        <!-- 更改默认的队列的深度,该值会影响性能.默认值为256 -->
        <queueSize>512</queueSize>
        <!-- 添加附加的appender,最多只能添加一个 -->
        <appender-ref ref="COMMON2"/>
    </appender>

    <appender name="COMMON3" class="ch.qos.logback.core.rolling.RollingFileAppender">
        <file>${logfolder}/common3logs/v1_common3server24_13.log</file>
        <rollingPolicy class="ch.qos.logback.core.rolling.TimeBasedRollingPolicy">
            <fileNamePattern>${logfolder}/common3logs/v1_common3server24_13_%d{yyyy-MM-dd_HH}.%i.log</fileNamePattern>
            <maxHistory>${logmaxHistory_H}</maxHistory>
            <timeBasedFileNamingAndTriggeringPolicy class="ch.qos.logback.core.rolling.SizeAndTimeBasedFNATP">
                <maxFileSize>${log_size}</maxFileSize>
            </timeBasedFileNamingAndTriggeringPolicy>
        </rollingPolicy>
        <encoder>
            <pattern>%msg%n</pattern>
        </encoder>
    </appender>
    <!-- 异步输出 -->
    <appender name="COMMON3-ASYNC" class="ch.qos.logback.classic.AsyncAppender">
        <!-- 不丢失日志.默认的,如果队列的80%已满,则会丢弃TRACT、DEBUG、INFO级别的日志 -->
        <discardingThreshold>0</discardingThreshold>
        <!-- 更改默认的队列的深度,该值会影响性能.默认值为256 -->
        <queueSize>512</queueSize>
        <!-- 添加附加的appender,最多只能添加一个 -->
        <appender-ref ref="COMMON3"/>
    </appender>

    <appender name="COMMON4" class="ch.qos.logback.core.rolling.RollingFileAppender">
        <file>${logfolder}/common4logs/v1_common4server24_13.log</file>
        <rollingPolicy class="ch.qos.logback.core.rolling.TimeBasedRollingPolicy">
            <fileNamePattern>${logfolder}/common4logs/v1_common4server24_13_%d{yyyy-MM-dd_HH}.%i.log</fileNamePattern>
            <maxHistory>${logmaxHistory_H}</maxHistory>
            <timeBasedFileNamingAndTriggeringPolicy class="ch.qos.logback.core.rolling.SizeAndTimeBasedFNATP">
                <maxFileSize>${log_size}</maxFileSize>
            </timeBasedFileNamingAndTriggeringPolicy>
        </rollingPolicy>
        <encoder>
            <pattern>%msg%n</pattern>
        </encoder>
    </appender>
    <!-- 异步输出 -->
    <appender name="COMMON4-ASYNC" class="ch.qos.logback.classic.AsyncAppender">
        <!-- 不丢失日志.默认的,如果队列的80%已满,则会丢弃TRACT、DEBUG、INFO级别的日志 -->
        <discardingThreshold>0</discardingThreshold>
        <!-- 更改默认的队列的深度,该值会影响性能.默认值为256 -->
        <queueSize>512</queueSize>
        <!-- 添加附加的appender,最多只能添加一个 -->
        <appender-ref ref="COMMON4"/>
    </appender>

    <appender name="COMMON5" class="ch.qos.logback.core.rolling.RollingFileAppender">
        <file>${logfolder}/common5logs/v1_common5server24_13.log</file>
        <rollingPolicy class="ch.qos.logback.core.rolling.TimeBasedRollingPolicy">
            <fileNamePattern>${logfolder}/common5logs/v1_common5server24_13_%d{yyyy-MM-dd_HH}.%i.log</fileNamePattern>
            <maxHistory>${logmaxHistory_H}</maxHistory>
            <timeBasedFileNamingAndTriggeringPolicy class="ch.qos.logback.core.rolling.SizeAndTimeBasedFNATP">
                <maxFileSize>${log_size}</maxFileSize>
            </timeBasedFileNamingAndTriggeringPolicy>
        </rollingPolicy>
        <encoder>
            <pattern>%msg%n</pattern>
        </encoder>
    </appender>
    <!-- 异步输出 -->
    <appender name="COMMON5-ASYNC" class="ch.qos.logback.classic.AsyncAppender">
        <!-- 不丢失日志.默认的,如果队列的80%已满,则会丢弃TRACT、DEBUG、INFO级别的日志 -->
        <discardingThreshold>0</discardingThreshold>
        <!-- 更改默认的队列的深度,该值会影响性能.默认值为256 -->
        <queueSize>512</queueSize>
        <!-- 添加附加的appender,最多只能添加一个 -->
        <appender-ref ref="COMMON5"/>
    </appender>

    <!-- 应用崩溃时的crashv1日志 -->
    <appender name="CRASHV1" class="ch.qos.logback.core.rolling.RollingFileAppender">
        <file>${logfolder}/crashv1logs/v1_crashserver24_13.log</file>
        <rollingPolicy class="ch.qos.logback.core.rolling.TimeBasedRollingPolicy">
            <fileNamePattern>${logfolder}/crashv1logs/v1_crashserver24_13_%d{yyyy-MM-dd_HH}.%i.log</fileNamePattern>
            <maxHistory>${logmaxHistory_H}</maxHistory>
            <timeBasedFileNamingAndTriggeringPolicy class="ch.qos.logback.core.rolling.SizeAndTimeBasedFNATP">
                <maxFileSize>${log_size}</maxFileSize>
            </timeBasedFileNamingAndTriggeringPolicy>
        </rollingPolicy>
        <encoder>
            <pattern>%msg%n</pattern>
        </encoder>
    </appender>
    <appender name="CRASHV1-ASYNC" class="ch.qos.logback.classic.AsyncAppender">
        <!-- 不丢失日志.默认的,如果队列的80%已满,则会丢弃TRACT、DEBUG、INFO级别的日志 -->
        <discardingThreshold>0</discardingThreshold>
        <!-- 更改默认的队列的深度,该值会影响性能.默认值为256 -->
        <queueSize>512</queueSize>
        <!-- 添加附加的appender,最多只能添加一个 -->
        <appender-ref ref="CRASHV1"/>
    </appender>

    <appender name="PERFMONITOR" class="ch.qos.logback.core.rolling.RollingFileAppender">
        <file>${logfolder}/perfmonitorlogs/perfmonitor.log</file>
        <rollingPolicy class="ch.qos.logback.core.rolling.TimeBasedRollingPolicy">
            <fileNamePattern>${logfolder}/perfmonitorlogs/perfmonitort_%d{yyyy-MM-dd_HH}.%i.log</fileNamePattern>
            <maxHistory>${logmaxHistory_H}</maxHistory>
            <timeBasedFileNamingAndTriggeringPolicy class="ch.qos.logback.core.rolling.SizeAndTimeBasedFNATP">
                <maxFileSize>${log_size}</maxFileSize>
            </timeBasedFileNamingAndTriggeringPolicy>
        </rollingPolicy>
        <encoder>
            <pattern>%msg%n</pattern>
        </encoder>
    </appender>
    <!-- 异步输出 -->
    <appender name="PERFMONITOR-ASYNC" class="ch.qos.logback.classic.AsyncAppender">
        <!-- 不丢失日志.默认的,如果队列的80%已满,则会丢弃TRACT、DEBUG、INFO级别的日志 -->
        <discardingThreshold>0</discardingThreshold>
        <!-- 更改默认的队列的深度,该值会影响性能.默认值为256 -->
        <queueSize>512</queueSize>
        <!-- 添加附加的appender,最多只能添加一个 -->
        <appender-ref ref="PERFMONITOR"/>
    </appender>

    <appender name="DMP" class="ch.qos.logback.core.rolling.RollingFileAppender">
        <file>${logfolder}/dmplogs/v1_dmp24_11.log</file>
        <rollingPolicy class="ch.qos.logback.core.rolling.TimeBasedRollingPolicy">
            <fileNamePattern>${logfolder}/dmplogs/v1_dmp24_11_%d{yyyy-MM-dd_HH-mm}.%i.log</fileNamePattern>
            <maxHistory>${logmaxHistory_m}</maxHistory>
            <timeBasedFileNamingAndTriggeringPolicy class="ch.qos.logback.core.rolling.SizeAndTimeBasedFNATP">
                <maxFileSize>${log_size}</maxFileSize>
            </timeBasedFileNamingAndTriggeringPolicy>
        </rollingPolicy>
        <encoder>
            <pattern>%msg%n</pattern>
        </encoder>
    </appender>
    <!-- 异步输出 -->
    <appender name="DMP-ASYNC" class="ch.qos.logback.classic.AsyncAppender">
        <!-- 不丢失日志.默认的,如果队列的80%已满,则会丢弃TRACT、DEBUG、INFO级别的日志 -->
        <discardingThreshold>0</discardingThreshold>
        <!-- 更改默认的队列的深度,该值会影响性能.默认值为256 -->
        <queueSize>512</queueSize>
        <!-- 添加附加的appender,最多只能添加一个 -->
        <appender-ref ref="DMP"/>
    </appender>

    <!-- Begin:接口性能日志文件 小时-->
    <appender name="DC_PERF_INTERFACE" class="ch.qos.logback.core.rolling.RollingFileAppender">
        <file>${logfolder}/perf/interface/interface.log</file>
        <rollingPolicy class="ch.qos.logback.core.rolling.TimeBasedRollingPolicy">
            <fileNamePattern>${logfolder}/perf/interface/interface_%d{yyyy-MM-dd-HH}.%i.log</fileNamePattern>
            <maxHistory>${logmaxHistory_H}</maxHistory>
            <timeBasedFileNamingAndTriggeringPolicy class="ch.qos.logback.core.rolling.SizeAndTimeBasedFNATP">
                <maxFileSize>${log_size}</maxFileSize>
            </timeBasedFileNamingAndTriggeringPolicy>
        </rollingPolicy>
        <encoder>
            <pattern>%d{yyyy-MM-dd HH:mm:ss.SSS}%msg%n</pattern>
        </encoder>
    </appender>
    <appender name="DC_ASYNC_PERF_INTERFACE" class="ch.qos.logback.classic.AsyncAppender">
        <!-- 不丢失日志.默认的,如果队列的80%已满,则会丢弃TRACT、DEBUG、INFO级别的日志 -->
        <discardingThreshold>0</discardingThreshold>
        <!-- 更改默认的队列的深度,该值会影响性能.默认值为256 -->
        <queueSize>512</queueSize>
        <appender-ref ref="DC_PERF_INTERFACE"/>
    </appender>
    <!-- End:接口性能日志文件 -->

    <!--token错误日志输出-->
    <appender name="DC_Token_Error" class="ch.qos.logback.core.rolling.RollingFileAppender">
        <file>${logfolder}/logs/tokenError/tokenError.log</file>
        <rollingPolicy class="ch.qos.logback.core.rolling.TimeBasedRollingPolicy">
            <fileNamePattern>${logfolder}/logs/tokenError/tokenError_%d{yyyy-MM-dd-HH}.%i.log</fileNamePattern>
            <maxHistory>${logmaxHistory_H}</maxHistory>
            <timeBasedFileNamingAndTriggeringPolicy class="ch.qos.logback.core.rolling.SizeAndTimeBasedFNATP">
                <maxFileSize>${log_size}</maxFileSize>
            </timeBasedFileNamingAndTriggeringPolicy>
        </rollingPolicy>
        <encoder>
            <pattern>%d{yyyy-MM-dd HH:mm:ss.SSS} [%thread]%msg%n</pattern>
        </encoder>
    </appender>
    <appender name="DC_ASYNC_Token_Error" class="ch.qos.logback.classic.AsyncAppender">
        <!-- 不丢失日志.默认的,如果队列的80%已满,则会丢弃TRACT、DEBUG、INFO级别的日志 -->
        <discardingThreshold>0</discardingThreshold>
        <!-- 更改默认的队列的深度,该值会影响性能.默认值为256 -->
        <queueSize>512</queueSize>
        <!-- 添加附加的appender,最多只能添加一个 -->
        <appender-ref ref="DC_Token_Error"/>
    </appender>

    <!--系统JVM性能日志-->
    <appender name="DC_General_Log" class="ch.qos.logback.core.rolling.RollingFileAppender">
        <file>${logfolder}/perf/general/general.log</file>
        <rollingPolicy class="ch.qos.logback.core.rolling.TimeBasedRollingPolicy">
            <fileNamePattern>${logfolder}/perf/general/genaral_%d{yyyy-MM-dd-HH}.%i.log</fileNamePattern>
            <maxHistory>${logmaxHistory_H}</maxHistory>
            <timeBasedFileNamingAndTriggeringPolicy class="ch.qos.logback.core.rolling.SizeAndTimeBasedFNATP">
                <maxFileSize>${log_size}</maxFileSize>
            </timeBasedFileNamingAndTriggeringPolicy>
        </rollingPolicy>
        <encoder>
            <pattern>%d{yyyy-MM-dd HH:mm:ss.SSS}%msg%n</pattern>
        </encoder>
    </appender>
    <appender name="DC_ASYNC_General_Log" class="ch.qos.logback.classic.AsyncAppender">
        <!-- 不丢失日志.默认的,如果队列的80%已满,则会丢弃TRACT、DEBUG、INFO级别的日志 -->
        <discardingThreshold>0</discardingThreshold>
        <!-- 更改默认的队列的深度,该值会影响性能.默认值为256 -->
        <queueSize>512</queueSize>
        <!-- 添加附加的appender,最多只能添加一个 -->
        <appender-ref ref="DC_General_Log"/>
    </appender>

    <appender name="hmshipreinsqrt" class="ch.qos.logback.core.rolling.RollingFileAppender">
        <file>${logfolder}/hmshipreinsqrtlogs/v1_hmshipreinsqrtserver24_13.log</file>
        <rollingPolicy class="ch.qos.logback.core.rolling.TimeBasedRollingPolicy">
            <fileNamePattern>${logfolder}/hmshimaintbatchlogs/v1_hmshipreinsqrtserver24_13_%d{yyyyMMdd_HH}.%i.log
            </fileNamePattern>
            <maxHistory>${logmaxHistory_H}</maxHistory>
            <timeBasedFileNamingAndTriggeringPolicy class="ch.qos.logback.core.rolling.SizeAndTimeBasedFNATP">
                <maxFileSize>100MB</maxFileSize>
            </timeBasedFileNamingAndTriggeringPolicy>
        </rollingPolicy>
        <encoder>
            <pattern>%msg%n</pattern>
        </encoder>
    </appender>
    <!-- 异步输出 -->
    <appender name="hmshipreinsqrt-ASYNC" class="ch.qos.logback.classic.AsyncAppender">
        <!-- 不丢失日志.默认的,如果队列的80%已满,则会丢弃TRACT、DEBUG、INFO级别的日志 -->
        <discardingThreshold>0</discardingThreshold>
        <!-- 更改默认的队列的深度,该值会影响性能.默认值为256 -->
        <queueSize>512</queueSize>
        <!-- 添加附加的appender,最多只能添加一个 -->
        <appender-ref ref="hmshipreinsqrt"/>
    </appender>

    <appender name="hipreinsqrt" class="ch.qos.logback.core.rolling.RollingFileAppender">
        <file>${logfolder}/hipreinsqrtlogs/v1_hipreinsqrtserver24_13.log</file>
        <rollingPolicy class="ch.qos.logback.core.rolling.TimeBasedRollingPolicy">
            <fileNamePattern>${logfolder}/himaintbatchlogs/v1_hipreinsqrtserver24_13_%d{yyyyMMdd_HH}.%i.log
            </fileNamePattern>
            <maxHistory>${logmaxHistory_H}</maxHistory>
            <timeBasedFileNamingAndTriggeringPolicy class="ch.qos.logback.core.rolling.SizeAndTimeBasedFNATP">
                <maxFileSize>100MB</maxFileSize>
            </timeBasedFileNamingAndTriggeringPolicy>
        </rollingPolicy>
        <encoder>
            <pattern>%msg%n</pattern>
        </encoder>
    </appender>
    <!-- 异步输出 -->
    <appender name="hipreinsqrt-ASYNC" class="ch.qos.logback.classic.AsyncAppender">
        <!-- 不丢失日志.默认的,如果队列的80%已满,则会丢弃TRACT、DEBUG、INFO级别的日志 -->
        <discardingThreshold>0</discardingThreshold>
        <!-- 更改默认的队列的深度,该值会影响性能.默认值为256 -->
        <queueSize>512</queueSize>
        <!-- 添加附加的appender,最多只能添加一个 -->
        <appender-ref ref="hipreinsqrt"/>
    </appender>

    <appender name="dcsdkAppender" class="ch.qos.logback.core.rolling.RollingFileAppender">
        <file>${logfolder}/platform/dcsdk.log</file>
        <rollingPolicy class="ch.qos.logback.core.rolling.SizeAndTimeBasedRollingPolicy">
            <!-- 日志滚动保存路径和命名 -->
            <fileNamePattern>${logfolder}/dcsdk-%d{yyyy-MM-dd}-%i.log.zip</fileNamePattern>
            <!-- 保留10天数据 -->
            <maxHistory>10</maxHistory>
            <!-- 单个文件50MB,超过触发滚动 -->
            <maxFileSize>50MB</maxFileSize>
            <!-- 日志总保存量为10GB -->
            <totalSizeCap>10GB</totalSizeCap>
        </rollingPolicy>
        <encoder>
            <pattern>%d{yyyy-MM-dd HH:mm:ss.SSS}|%level|%contextName|%X{traceID}|%thread|%c:%L|%m%n</pattern>
        </encoder>
    </appender>

    <appender name="dcsdkMetricsAppender" class="ch.qos.logback.core.rolling.RollingFileAppender">
        <file>${logfolder}/platform/dcsdk_metrics.log</file>
        <rollingPolicy class="ch.qos.logback.core.rolling.SizeAndTimeBasedRollingPolicy">
            <!-- 日志滚动保存路径和命名 -->
            <fileNamePattern>${logfolder}/dcsdk_metrics-%d{yyyy-MM-dd}-%i.log.zip</fileNamePattern>
            <!-- 保留10天数据 -->
            <maxHistory>10</maxHistory>
            <!-- 单个文件50MB,超过触发滚动 -->
            <maxFileSize>50MB</maxFileSize>
            <!-- 日志总保存量为10GB -->
            <totalSizeCap>10GB</totalSizeCap>
        </rollingPolicy>
        <encoder>
            <pattern>%d{yyyy-MM-dd HH:mm:ss.SSS}|%level|%contextName|%X{traceID}|%thread|%c:%L|%m%n</pattern>
        </encoder>
    </appender>


    <!-- 控制台输出-带颜色 -->
    <appender name="CONSOLE-WITH-COLOR" class="ch.qos.logback.core.ConsoleAppender">
        <encoder class="ch.qos.logback.classic.encoder.PatternLayoutEncoder">
            <pattern>${std_log_parttern}</pattern>
        </encoder>
    </appender>


    <logger name="hmshipreinsqrt" level="info" additivity="false">
        <appender-ref ref="hmshipreinsqrt-ASYNC"/>
    </logger>

    <logger name="hipreinsqrt" level="info" additivity="false">
        <appender-ref ref="hipreinsqrt-ASYNC"/>
    </logger>

    <!--~~~~~~~~~~~~~~~~~~~~~~~~~~~~~~~~~~~~~~~-logger~~~~~~~~~~~~~~~~~~~~~~~~~~~~~~~~~~~~~~~~~~~~~~~~~~~~~~~~~~~~~-->
    <!--Token error 日志内容异步输出-->
    <logger name="Token_Error_Log" level="info" additivity="false">
        <appender-ref ref="DC_ASYNC_Token_Error"/>
    </logger>

    <!-- Perf-Interface start -->
    <logger name="Perf_Interface_Log" level="INFO" additivity="false">
        <appender-ref ref="DC_ASYNC_PERF_INTERFACE"/>
    </logger>
    <!-- Perf-Interface end -->

    <!--General-Log start-->
    <logger name="Perf_General_Log" level="INFO" additivity="false">
        <appender-ref ref="DC_ASYNC_General_Log"/>
    </logger>
    <!--General-Log end-->

    <!-- Alarm-Log start -->
    <logger name="ALARM_Log" level="INFO" additivity="false">
        <appender-ref ref="DATACOLLECTOR_ASYNC_ALARM"/>
    </logger>
    <!-- Alarm-Log end -->

    <logger name="sdkv2" level="info" additivity="false">
        <appender-ref ref="SDKV2-ASYNC"/>
    </logger>

    <logger name="magicv2" level="info" additivity="false">
        <appender-ref ref="MAGICV2-ASYNC"/>
    </logger>

    <logger name="sdkv3" level="info" additivity="false">
        <appender-ref ref="SDKV3-ASYNC"/>
    </logger>

    <logger name="sdk" level="info" additivity="false">
        <appender-ref ref="SDKV1-ASYNC"/>
    </logger>

    <logger name="web" level="info" additivity="false">
        <appender-ref ref="WEBV1-ASYNC"/>
    </logger>

    <logger name="webv2" level="info" additivity="false">
        <appender-ref ref="WEBV2-ASYNC"/>
    </logger>

    <logger name="magicv1" level="info" additivity="false">
        <appender-ref ref="MAGICV1-ASYNC"/>
    </logger>

    <logger name="dataimport" level="info" additivity="false">
        <appender-ref ref="DATAIMPORTV1-ASYNC"/>
    </logger>

    <logger name="click" level="info" additivity="false">
        <appender-ref ref="CLICKV1-ASYNC"/>
    </logger>

    <logger name="exposure" level="info" additivity="false">
        <appender-ref ref="EXPOSUREV1-ASYNC"/>
    </logger>

    <logger name="hmshioperrt" level="info" additivity="false">
        <appender-ref ref="hmshioperrt-ASYNC"/>
    </logger>

    <logger name="hmshioperqrt" level="info" additivity="false">
        <appender-ref ref="hmshioperqrt-ASYNC"/>
    </logger>

    <logger name="hmshioperbatch" level="info" additivity="false">
        <appender-ref ref="hmshioperbatch-ASYNC"/>
    </logger>

    <logger name="hmshimaintrt" level="info" additivity="false">
        <appender-ref ref="hmshimaintrt-ASYNC"/>
    </logger>

    <logger name="hmshimaintqrt" level="info" additivity="false">
        <appender-ref ref="hmshimaintqrt-ASYNC"/>
    </logger>

    <logger name="hmshimaintbatch" level="info" additivity="false">
        <appender-ref ref="hmshimaintbatch-ASYNC"/>
    </logger>

    <logger name="hioperrt" level="info" additivity="false">
        <appender-ref ref="hioperrt-ASYNC"/>
    </logger>

    <logger name="hioperqrt" level="info" additivity="false">
        <appender-ref ref="hioperqrt-ASYNC"/>
    </logger>

    <!--    add by w00027882  for decrypted hioperqrt log-->
    <logger name="hioperqrt_decrypt" level="info" additivity="false">
        <appender-ref ref="hioperqrt-decrypt-ASYNC"/>
    </logger>

    <logger name="hioperbatch" level="info" additivity="false">
        <appender-ref ref="hioperbatch-ASYNC"/>
    </logger>

    <logger name="himaintrt" level="info" additivity="false">
        <appender-ref ref="himaintrt-ASYNC"/>
    </logger>

    <logger name="himaintqrt" level="info" additivity="false">
        <appender-ref ref="himaintqrt-ASYNC"/>
    </logger>

    <!--    add by w00027882  for decrypted himaintqrt log-->
    <logger name="himaintqrt_decrypt" level="info" additivity="false">
        <appender-ref ref="himaintqrt-decrypt-ASYNC"/>
    </logger>

    <logger name="himaintbatch" level="info" additivity="false">
        <appender-ref ref="himaintbatch-ASYNC"/>
    </logger>

    <logger name="common1" level="info" additivity="false">
        <appender-ref ref="COMMON1-ASYNC"/>
    </logger>

    <logger name="common2" level="info" additivity="false">
        <appender-ref ref="COMMON2-ASYNC"/>
    </logger>

    <logger name="common3" level="info" additivity="false">
        <appender-ref ref="COMMON3-ASYNC"/>
    </logger>

    <logger name="common4" level="info" additivity="false">
        <appender-ref ref="COMMON4-ASYNC"/>
    </logger>

    <logger name="common5" level="info" additivity="false">
        <appender-ref ref="COMMON5-ASYNC"/>
    </logger>

    <logger name="crashv1" level="info" additivity="false">
        <appender-ref ref="CRASHV1-ASYNC"/>
    </logger>

    <logger name="perfmonitor" level="info" additivity="false">
        <appender-ref ref="PERFMONITOR-ASYNC"/>
    </logger>

    <logger name="dmp" level="info" additivity="false">
        <appender-ref ref="DMP-ASYNC"/>
    </logger>

    <logger name="com.hihonor.dcs" level="INFO" additivity="false">
        <appender-ref ref="dcsdkAppender"/>
    </logger>

    <logger name="com.hihonor.dcs.dcsdk.support.metrics.MetricsManager" level="INFO" additivity="false">
        <appender-ref ref="dcsdkMetricsAppender"/>
    </logger>

    <root>
        <level value="info"/>
        <appender-ref ref="CONSOLE-WITH-COLOR"/>
        <appender-ref ref="default"/>
    </root>

</configuration>